fold,E-CPV Uncertainty bounds,E-MHA Uncertainty bounds,S-MHA Uncertainty bounds
0,"[10.398837423213502, 21.71913956282424, 21.71913956282424, 21.71913956282424]","[11.964629974691372, 17.511295400453662, 17.511295400453662, 17.511295400453662]","[12.239365088480893, 12.239365088480893, 27.003485246359077, 27.350568150318004]"
1,"[9.187915491513877, 9.187915491513877, 13.866829409987332, 18.8018281194416]","[9.797106128806952, 9.797106128806952, 15.25722952072185, 15.995839211454541]","[11.98732101847192, 14.277948405795366, 14.277948405795366, 35.01809699641331]"
2,"[8.089057515422661, 11.008723708781787, 14.673695383297622, 16.028041835717737]","[8.743904401601789, 8.743904401601789, 13.2226101386844, 15.998566219505832]","[15.507216504186784, 15.507216504186784, 16.04752475989537, 24.262328600849138]"
3,"[11.499521120969744, 13.324289369662717, 15.138547985271876, 15.138547985271876]","[8.997019322298467, 10.613068276206285, 13.269635142004185, 17.948011401198293]","[15.361067474756009, 15.361067474756009, 17.798188107788725, 23.813114602424704]"
