fold,E-CPV Uncertainty bounds,E-MHA Uncertainty bounds,S-MHA Uncertainty bounds
0,"[11.842721814034785, 11.842721814034785, 13.340270510761826, 13.340270510761826]","[11.310684061851102, 12.28154463969068, 13.80675759769138, 16.24659161493683]","[10.764660660123289, 12.746287938973687, 17.971669744195715, 24.14118416265894]"
1,"[10.013466368333859, 10.013466368333859, 10.013466368333859, 14.056706630332238]","[9.543531054402399, 11.525406716366076, 12.846657157675024, 12.846657157675024]","[11.484758012502004, 11.484758012502004, 16.21085962011157, 16.21085962011157]"
2,"[8.700583013434485, 11.75854734026218, 11.75854734026218, 15.945227673469706]","[10.10927555793322, 10.10927555793322, 14.95185424348396, 16.541021533626342]","[12.939938274341293, 12.939938274341293, 18.267392242379216, 22.079193364278222]"
3,"[8.715748704214366, 8.715748704214366, 11.38183289298352, 14.711068605975683]","[9.170363783812052, 9.871640449438887, 12.290434218202073, 12.713062616494167]","[12.890992312689722, 13.103580619116446, 17.930514862211396, 17.930514862211396]"
