fold,E-CPV Uncertainty bounds,E-MHA Uncertainty bounds,S-MHA Uncertainty bounds
0,"[9.935490043479298, 9.935490043479298, 13.329950344694959, 13.329950344694959]","[10.223460930236662, 10.223460930236662, 10.223460930236662, 13.116483989445292]","[11.309477218169667, 12.72000673224171, 12.72000673224171, 15.81173495379422]"
1,"[8.919933053224476, 9.349655615990205, 11.466722954372528, 11.466722954372528]","[8.387564100614478, 10.100462561911721, 10.100462561911721, 11.640315379183136]","[9.959802157525093, 9.959802157525093, 11.257816647747857, 13.766948297437413]"
2,"[8.184351599889885, 10.904547481386079, 11.095779337339094, 11.095779337339094]","[9.18101117569375, 9.18101117569375, 9.18101117569375, 9.18101117569375]","[13.554728156566409, 13.688642461504445, 14.787663165868011, 21.505435975604684]"
3,"[8.159869700868887, 8.546238408874235, 8.803817547544456, 8.896185464664336]","[7.5881745828168805, 7.5881745828168805, 8.240722532607268, 9.829699831388625]","[10.758168758187962, 11.415256519624064, 11.415256519624064, 11.415256519624064]"
