fold,E-CPV Uncertainty bounds,E-MHA Uncertainty bounds,S-MHA Uncertainty bounds
0,"[13.354079648571062, 19.532334190389413, 22.888013950384895, 22.888013950384895]","[11.053253184825849, 17.17539578219292, 19.354641528049676, 19.354641528049676]","[29.397244841424214, 33.83231798020234, 33.83231798020234, 35.18614240459242]"
1,"[12.009085557036403, 16.64986067443881, 20.810351894181878, 22.34350038033156]","[10.356522991354584, 10.832275290612136, 19.38059136034035, 26.316824861890122]","[32.729696502320856, 32.729696502320856, 36.65302261250054, 42.53801177777008]"
2,"[13.501879835190762, 13.979808923221324, 23.713156885530054, 27.4513189247611]","[12.190258321520787, 13.811453470782906, 13.811453470782906, 19.723305303538083]","[24.4565773459992, 24.4565773459992, 24.4565773459992, 25.55522418419694]"
3,"[13.88802902224691, 13.88802902224691, 17.523994086783706, 27.144353774608103]","[13.816492390523566, 13.816492390523566, 15.137848574210427, 17.11988284974069]","[21.214891390135254, 28.842958850611264, 28.842958850611264, 55.3293215685806]"
