fold,E-CPV Uncertainty bounds,E-MHA Uncertainty bounds,S-MHA Uncertainty bounds
0,"[8.61217971111362, 13.354079648571062, 13.943046231914504, 19.532334190389413, 19.532334190389413, 22.888013950384895, 22.888013950384895, 22.888013950384895, 38.85057752371272]","[11.053253184825849, 11.053253184825849, 14.12443158051869, 17.17539578219292, 17.17539578219292, 19.354641528049676, 19.354641528049676, 19.354641528049676, 27.846919559427054]","[21.321171664802343, 29.397244841424214, 33.83231798020234, 33.83231798020234, 33.83231798020234, 33.83231798020234, 35.18614240459242, 35.18614240459242, 35.18614240459242]"
1,"[9.829443996116177, 12.009085557036403, 15.2576281392181, 16.64986067443881, 18.29302924864141, 20.810351894181878, 21.853801074110514, 22.34350038033156, 37.35322507559071]","[8.453513794324273, 10.356522991354584, 10.832275290612136, 10.832275290612136, 10.832275290612136, 19.38059136034035, 19.38059136034035, 26.316824861890122, 26.316824861890122]","[32.729696502320856, 32.729696502320856, 32.729696502320856, 32.729696502320856, 32.729696502320856, 36.65302261250054, 42.53801177777008, 42.53801177777008, 58.11125897285247]"
2,"[9.673326621103813, 13.501879835190762, 13.501879835190762, 13.979808923221324, 19.480549376315416, 23.713156885530054, 24.273503677404978, 27.4513189247611, 33.048621575162294]","[12.190258321520787, 12.190258321520787, 12.190258321520787, 13.811453470782906, 13.811453470782906, 13.811453470782906, 13.811453470782906, 19.723305303538083, 19.723305303538083]","[24.4565773459992, 24.4565773459992, 24.4565773459992, 24.4565773459992, 24.4565773459992, 24.4565773459992, 24.4565773459992, 25.55522418419694, 25.55522418419694]"
3,"[12.793820690866603, 13.88802902224691, 13.88802902224691, 13.88802902224691, 13.88802902224691, 17.523994086783706, 26.81842934517077, 27.144353774608103, 41.190872929230764]","[13.661674488518193, 13.816492390523566, 13.816492390523566, 13.816492390523566, 13.816492390523566, 15.137848574210409, 17.11988284974069, 17.11988284974069, 21.146114906106384]","[15.30803565907226, 21.214891390135254, 21.214891390135254, 28.842958850611264, 28.842958850611264, 28.842958850611264, 28.842958850611264, 55.3293215685806, 68.61131591626852]"
