fold,E-CPV Uncertainty bounds,E-MHA Uncertainty bounds,S-MHA Uncertainty bounds
0,"[6.641997223873438, 9.013878188659973, 10.547876596801009, 14.026847205651954, 14.026847205651954, 16.04081145826847, 17.823774590757374, 23.596503084417733, 23.596503084417733]","[5.471838370263857, 9.00724005110186, 10.481994448320258, 10.481994448320258, 10.481994448320258, 10.701702378791905, 10.701702378791905, 28.6220659590768, 29.660484233158023]","[7.8428719843630725, 7.8428719843630725, 7.8428719843630725, 11.237891069378035, 11.237891069378035, 11.609540357373705, 11.609540357373705, 22.128260760653205, 40.41397875465854]"
1,"[8.73260954525544, 8.938558222934567, 8.938558222934567, 8.938558222934567, 8.938558222934567, 13.823888071192656, 20.434530119035024, 27.737019618505446, 28.207237631063972]","[9.795585198845549, 9.795585198845549, 9.795585198845549, 9.795585198845549, 12.112491400623322, 12.112491400623322, 12.112491400623322, 14.044636136248545, 25.75614953630643]","[11.510407453906582, 11.608214302925678, 11.608214302925678, 11.608214302925678, 12.846968389920615, 12.846968389920615, 12.846968389920615, 19.90491015627208, 35.481949863668426]"
2,"[6.729420283386946, 9.627896323984205, 10.593094975237884, 11.006751540060886, 16.65566711335033, 22.48815028530995, 22.48815028530995, 22.861695024968387, 22.861695024968387]","[6.6869193433793574, 8.26750643979955, 8.54987891566033, 8.670895691029234, 8.670895691029234, 10.424265628251863, 10.424265628251863, 22.818115753388295, 22.818115753388295]","[7.825357642567716, 7.825357642567716, 7.825357642567716, 7.825357642567716, 7.825357642567716, 12.744645458940742, 13.434958845401557, 18.58527519266199, 37.17969889864197]"
3,"[6.583419459424216, 9.495401926560042, 9.495401926560042, 9.495401926560042, 9.495401926560042, 12.200852836319417, 18.291960677863774, 24.172582606529296, 24.247548783981962]","[6.551065179303242, 8.53635362329143, 8.53635362329143, 8.53635362329143, 8.53635362329143, 12.026272829307231, 12.026272829307231, 12.026272829307231, 12.56313763469235]","[5.26151371207065, 5.8690531742384575, 6.544609367274189, 7.229435274412617, 7.6859858791715725, 7.6859858791715725, 7.6859858791715725, 21.452268816190077, 21.452268816190077]"
