fold,E-CPV Uncertainty bounds,E-MHA Uncertainty bounds,S-MHA Uncertainty bounds
0,"[8.53724650046439, 10.433546738581635, 10.433546738581635, 11.543772614110472, 13.011314474311924, 13.011314474311924, 13.011314474311924, 13.011314474311924, 23.65367346094642]","[6.448244655370904, 9.615089105273567, 9.615089105273567, 9.615089105273567, 9.674847503421644, 10.929284841150206, 11.662752339509689, 14.09522027495288, 14.09522027495288]","[10.04160005632143, 10.492777200670234, 10.492777200670234, 10.492777200670234, 10.492777200670234, 11.52333068111795, 15.746215471595544, 21.59666108608319, 33.50670606763052]"
1,"[10.266289766486167, 10.266289766486167, 10.266289766486167, 10.266289766486167, 10.266289766486167, 13.229250888939651, 13.229250888939651, 14.938647903781844, 20.355439497394823]","[10.64625087042317, 10.64625087042317, 10.64625087042317, 11.97549157537763, 11.97549157537763, 12.682762103384562, 12.682762103384562, 12.682762103384562, 13.538997762951913]","[11.052263089904681, 17.20610327307029, 17.20610327307029, 17.20610327307029, 18.615830444627413, 23.92813789181941, 23.92813789181941, 23.92813789181941, 23.92813789181941]"
2,"[6.41032345380855, 9.196558494161346, 9.196558494161346, 9.196558494161346, 9.196558494161346, 9.196558494161346, 9.196558494161346, 9.196558494161346, 9.389439389397197]","[3.5955011387758757, 7.9422190020216785, 8.677773752527369, 8.677773752527369, 9.62064363120599, 10.272552526168004, 10.272552526168004, 10.272552526168004, 10.272552526168004]","[10.898375521858929, 10.898375521858929, 10.898375521858929, 10.898375521858929, 10.898375521858929, 11.215848423727596, 11.215848423727596, 11.215848423727596, 12.285266583010861]"
3,"[7.754736764005239, 8.879376487315012, 8.879376487315012, 9.260143797007325, 9.260143797007325, 9.260143797007325, 9.260143797007325, 9.260143797007325, 23.065574919063838]","[7.5704635539550305, 7.5704635539550305, 9.029241652700456, 9.029241652700456, 9.917979704373652, 9.917979704373652, 9.917979704373652, 9.917979704373652, 12.41064597666646]","[10.777680037948862, 10.777680037948862, 10.777680037948862, 10.777680037948862, 10.777680037948862, 10.777680037948862, 10.777680037948862, 10.777680037948862, 15.197202988663946]"
