fold,E-CPV Uncertainty bounds,E-MHA Uncertainty bounds,S-MHA Uncertainty bounds
0,"[8.570074526422149, 11.842721814034785, 11.842721814034785, 11.842721814034785, 13.340270510761826, 13.340270510761826, 13.340270510761826, 13.340270510761826, 20.69186176822458]","[8.758815678524499, 11.310684061851102, 11.385379142185794, 12.28154463969068, 13.80675759769138, 13.80675759769138, 13.80675759769138, 16.24659161493683, 16.24659161493683]","[8.488353344455579, 10.764660660123289, 12.746287938973687, 12.746287938973687, 12.746287938973687, 17.971669744195715, 24.14118416265894, 24.14118416265894, 24.14118416265894]"
1,"[10.013466368333859, 10.013466368333859, 10.013466368333859, 10.013466368333859, 10.013466368333859, 10.013466368333859, 11.221853632508594, 14.056706630332238, 14.117837489329286]","[8.586889083844593, 9.543531054402399, 9.543531054402399, 11.525406716366076, 12.846657157675024, 12.846657157675024, 12.846657157675024, 12.846657157675024, 22.344722248345374]","[9.394377972385312, 11.484758012502004, 11.484758012502004, 11.484758012502004, 16.21085962011157, 16.21085962011157, 16.21085962011157, 16.21085962011157, 16.21085962011157]"
2,"[8.700583013434485, 8.700583013434485, 9.211920789303143, 11.75854734026218, 11.75854734026218, 11.75854734026218, 12.91589890985642, 15.945227673469706, 21.948094739376096]","[7.859232199986422, 10.10927555793322, 10.10927555793322, 10.10927555793322, 11.368306934138602, 14.95185424348396, 16.541021533626342, 16.541021533626342, 20.567764025188676]","[11.188351947931498, 12.939938274341293, 12.939938274341293, 12.939938274341293, 12.939938274341293, 18.267392242379216, 21.597859196580703, 22.079193364278222, 22.079193364278222]"
3,"[5.0213429515936046, 8.715748704214366, 8.715748704214366, 8.715748704214366, 8.715748704214366, 11.38183289298352, 11.38183289298352, 14.711068605975683, 15.239961745378148]","[7.160321470687223, 9.170363783812052, 9.170363783812052, 9.871640449438887, 10.88998368131744, 12.290434218202073, 12.713062616494167, 12.713062616494167, 12.74175635484475]","[12.890992312689722, 12.890992312689722, 12.890992312689722, 13.103580619116446, 13.103580619116446, 17.930514862211396, 17.930514862211396, 17.930514862211396, 17.930514862211396]"
