fold,E-CPV Uncertainty bounds,E-MHA Uncertainty bounds,S-MHA Uncertainty bounds
0,"[7.482548726250371, 10.32074909848978, 10.32074909848978, 10.32074909848978, 10.32074909848978, 10.381415942384864, 13.770860064610156, 19.072685363057367, 31.62305737258805]","[11.13243388619827, 11.13243388619827, 11.13243388619827, 11.13243388619827, 11.13243388619827, 11.13243388619827, 13.76028016316047, 13.76028016316047, 16.32509775239836]","[8.320383013333238, 13.850253213954986, 14.259335689656526, 15.670161272500787, 15.96257131301997, 15.977961270714665, 22.182601256296643, 22.182601256296643, 22.182601256296643]"
1,"[10.910374373607509, 10.910374373607509, 10.910374373607509, 10.910374373607509, 14.640627698937761, 19.474559322454155, 26.725456757728633, 26.725456757728633, 26.725456757728633]","[10.406857484288606, 10.406857484288606, 10.406857484288606, 10.45087712549569, 14.188609538329139, 16.42828335254789, 16.42828335254789, 26.01762694579608, 26.01762694579608]","[11.291453115637207, 17.502953319364572, 17.502953319364572, 17.502953319364572, 17.502953319364572, 18.546422889857286, 19.08216708290974, 49.66447222339611, 49.66447222339611]"
2,"[6.918795933434963, 6.918795933434963, 9.427817642473965, 9.427817642473965, 9.427817642473965, 9.427817642473965, 13.838316455629661, 13.838316455629661, 32.814995611601965]","[8.232920360730459, 8.232920360730459, 8.232920360730459, 9.380177121408822, 9.380177121408822, 9.380177121408822, 15.750452512056473, 15.977786273687268, 20.866546621881113]","[11.040739623453247, 11.040739623453247, 12.115447342580893, 12.115447342580893, 22.718510657424396, 22.718510657424396, 22.718510657424396, 22.718510657424396, 22.718510657424396]"
3,"[6.376415166556725, 7.187223125801877, 7.187223125801877, 7.384093423152281, 9.463657565036478, 9.463657565036478, 9.558185439836059, 10.705508140058189, 11.222556717202796]","[6.782126678589917, 6.782126678589917, 8.46635288500667, 8.46635288500667, 10.560508646861491, 10.560508646861491, 10.560508646861491, 14.403480214025649, 17.200318468107582]","[6.726308818285428, 6.726308818285428, 12.829214744205544, 12.829214744205544, 12.829214744205544, 19.981492686921097, 25.936506081297345, 25.936506081297345, 25.936506081297345]"
