fold,E-CPV Uncertainty bounds,E-MHA Uncertainty bounds,S-MHA Uncertainty bounds
0,"[12.455502931946546, 12.465879414337396, 12.465879414337396, 12.465879414337396, 12.465879414337396, 12.465879414337396, 12.465879414337396, 12.465879414337396, 16.275180219215677]","[12.960803918058444, 12.960803918058444, 12.960803918058444, 12.960803918058444, 12.960803918058444, 12.960803918058444, 12.960803918058444, 12.960803918058444, 12.960803918058444]","[15.326749646863393, 15.326749646863393, 15.326749646863393, 15.326749646863393, 15.326749646863393, 15.326749646863393, 15.326749646863393, 15.326749646863393, 16.244275530987338]"
1,"[9.835114763276186, 10.476607059458502, 12.333969504014686, 13.215039307546794, 13.215039307546794, 13.215039307546794, 13.215039307546794, 13.215039307546794, 13.215039307546794]","[9.217027870987849, 11.264252984904132, 12.33569663677483, 12.33569663677483, 12.33569663677483, 12.33569663677483, 12.659910005242, 14.867318907100538, 14.867318907100538]","[10.572857990015834, 10.572857990015834, 10.572857990015834, 14.604292555783113, 14.604292555783113, 14.604292555783113, 14.604292555783113, 14.604292555783113, 14.604292555783113]"
2,"[8.20255254120222, 8.410245516576321, 8.410245516576321, 8.461721602378168, 10.101042438146841, 10.101042438146841, 10.101042438146841, 11.554328161152219, 13.068740735429175]","[8.829212013507407, 8.829212013507407, 8.829212013507407, 9.954917641859051, 9.954917641859051, 9.954917641859051, 9.954917641859051, 12.459267448654119, 12.459267448654119]","[12.037857823024273, 12.037857823024273, 12.037857823024273, 12.037857823024273, 14.707613940683215, 14.707613940683215, 16.340007615858468, 20.148926191267307, 20.148926191267307]"
3,"[7.787747521472832, 7.787747521472832, 7.787747521472832, 7.787747521472832, 8.035533905932738, 9.848688662514556, 9.848688662514556, 10.81759227534892, 32.163019378785236]","[6.745811094865005, 6.745811094865005, 7.528967619054746, 9.573806061725566, 9.573806061725566, 9.573806061725566, 12.235615610790157, 20.723419204325825, 20.723419204325825]","[12.985389538591779, 14.076867743113157, 14.076867743113157, 16.048370429279284, 16.048370429279284, 17.40763539610184, 17.40763539610184, 17.40763539610184, 17.40763539610184]"
