fold,E-CPV Uncertainty bounds,E-MHA Uncertainty bounds,S-MHA Uncertainty bounds
0,"[5.2808822942319145, 5.2808822942319145, 5.6952180508350585, 6.571917771347822, 6.571917771347822, 8.897689901123263, 8.897689901123263, 9.12812704512279, 18.38741425195979]","[6.309366196843822, 6.370882277721659, 6.370882277721659, 6.370882277721659, 8.185694742318756, 8.185694742318756, 8.185694742318756, 8.185694742318756, 8.185694742318756]","[7.294304495021317, 8.53622039261418, 8.846699367012407, 9.53763778310638, 9.53763778310638, 9.53763778310638, 11.773480094950166, 11.773480094950166, 11.773480094950166]"
1,"[6.454376081130701, 7.672008280540554, 7.672008280540554, 7.672008280540554, 8.109274666919422, 8.800151581324048, 12.290984830967226, 18.13605494743962, 24.468293861978914]","[7.642211633182616, 7.642211633182616, 7.642211633182616, 9.58813117795041, 9.58813117795041, 9.58813117795041, 9.58813117795041, 9.58813117795041, 9.58813117795041]","[9.766403033707325, 11.734867291775254, 29.655352560235894, 29.655352560235894, 29.655352560235894, 43.49996888396425, 43.49996888396425, 43.49996888396425, 43.49996888396425]"
2,"[6.138556003894597, 6.833700133510217, 6.833700133510217, 6.833700133510217, 6.833700133510217, 6.833700133510217, 6.833700133510217, 6.833700133510217, 7.712770594999932]","[7.356589346275042, 7.356589346275042, 7.356589346275042, 7.356589346275042, 7.356589346275042, 7.356589346275042, 7.356589346275042, 7.356589346275042, 7.356589346275042]","[7.27445115249675, 9.344665254557313, 9.344665254557313, 9.344665254557313, 9.344665254557313, 9.344665254557313, 9.344665254557313, 13.64625565708448, 13.64625565708448]"
3,"[7.171169089384811, 7.171169089384811, 7.171169089384811, 7.171169089384811, 7.171169089384811, 7.579136195058777, 7.579136195058777, 7.656185792050326, 12.439947627884347]","[6.884133105298875, 7.152334327930648, 7.2193846335885725, 7.2193846335885725, 8.521590420604156, 10.434795396422395, 10.434795396422395, 10.434795396422395, 10.434795396422395]","[8.000969920746007, 9.683998094350848, 9.683998094350848, 9.88832736388822, 9.88832736388822, 9.88832736388822, 9.88832736388822, 9.88832736388822, 12.658236144932912]"
