fold,E-CPV Uncertainty bounds,E-MHA Uncertainty bounds,S-MHA Uncertainty bounds
0,"[6.7380560424182345, 10.566512977818823, 10.856872092614319, 10.856872092614319, 10.856872092614319, 10.856872092614319, 10.856872092614319, 16.803003178987897, 17.94564185418676]","[8.587290280746583, 9.912216740793216, 10.243448355804865, 10.243448355804865, 10.243448355804865, 10.243448355804865, 10.243448355804865, 17.513299036332093, 17.513299036332093]","[9.574838356096961, 9.574838356096961, 9.574838356096961, 9.574838356096961, 12.938912202742502, 12.938912202742502, 13.030715667614734, 15.053389635468926, 21.414465553015937]"
1,"[12.494784309143752, 12.494784309143752, 23.170562043148426, 23.170562043148426, 23.170562043148426, 24.87295953507265, 24.87295953507265, 24.87295953507265, 30.318786190126264]","[10.555733949067024, 10.555733949067024, 10.555733949067024, 17.046068451968193, 17.046068451968193, 17.046068451968193, 18.580904393180063, 18.580904393180063, 18.580904393180063]","[51.022249594617804, 51.022249594617804, 65.68072187952434, 65.68072187952434, 65.68072187952434, 65.68072187952434, 65.68072187952434, 65.68072187952434, 68.94545483970717]"
2,"[10.361383629152906, 10.361383629152906, 10.361383629152906, 10.361383629152906, 10.361383629152906, 10.361383629152906, 10.8756490240349, 10.947758421478087, 18.503514576174958]","[7.258525650090311, 7.258525650090311, 9.884823345059608, 11.61884295592683, 11.61884295592683, 11.61884295592683, 11.61884295592683, 11.61884295592683, 13.550091659403675]","[9.819471858387, 14.028886680377912, 14.028886680377912, 15.472422939587114, 15.472422939587114, 15.472422939587114, 15.472422939587114, 15.472422939587114, 23.462978752756424]"
3,"[7.764458681963669, 7.764458681963669, 7.764458681963669, 7.764458681963669, 7.764458681963669, 10.124293838200307, 11.582419948184313, 16.393691905255817, 22.627612791439667]","[8.680797745307151, 8.680797745307151, 8.680797745307151, 8.680797745307151, 8.680797745307151, 11.59977257976913, 11.59977257976913, 11.59977257976913, 26.651276269723404]","[9.069822108362033, 9.069822108362033, 9.069822108362033, 12.30536614979037, 12.411249998318137, 12.411249998318137, 12.411249998318137, 23.5467502305363, 24.261954463934952]"
