fold,E-CPV Uncertainty bounds,E-MHA Uncertainty bounds,S-MHA Uncertainty bounds
0,"[10.138307623137363, 10.138307623137363, 10.138307623137363, 10.138307623137363, 10.138307623137363, 10.138307623137363, 10.138307623137363, 15.737382334264492, 23.005479045368357]","[8.054707830658584, 8.054707830658584, 9.239797512124978, 9.905651319921484, 9.905651319921484, 10.909781704664235, 10.909781704664235, 12.175194337638004, 12.175194337638004]","[19.850867693486165, 19.850867693486165, 19.850867693486165, 19.850867693486165, 19.850867693486165, 19.850867693486165, 26.626801177094446, 26.626801177094446, 26.626801177094446]"
1,"[9.610634480031635, 11.735717817058752, 11.735717817058752, 11.735717817058752, 11.735717817058752, 11.735717817058752, 11.735717817058752, 13.223357288188314, 13.223357288188314]","[10.255388542785745, 10.455587972574774, 12.22505512514281, 12.22505512514281, 12.22505512514281, 12.945742013739942, 12.945742013739942, 12.987441035857564, 18.007071082470375]","[9.639215094107165, 9.832047690244496, 14.270082846385767, 14.270082846385767, 25.7338927600162, 25.7338927600162, 25.7338927600162, 41.85239074098494, 41.85239074098494]"
2,"[9.823019569855658, 12.463422029883658, 12.463422029883658, 12.463422029883658, 12.463422029883658, 12.463422029883658, 12.463422029883658, 12.463422029883658, 12.463422029883658]","[11.383035074037304, 11.383035074037304, 11.383035074037304, 11.383035074037304, 11.383035074037304, 11.383035074037304, 11.383035074037304, 11.383035074037304, 11.539740164201028]","[14.169845351611434, 14.447056590236874, 14.447056590236874, 14.447056590236874, 14.447056590236874, 14.447056590236874, 14.447056590236874, 14.447056590236874, 14.447056590236874]"
3,"[9.035342253437836, 9.035342253437836, 10.783090827971899, 10.783090827971899, 10.783090827971899, 10.783090827971899, 10.783090827971899, 13.928503628637928, 17.505235904118454]","[10.525093446742352, 10.525093446742352, 10.525093446742352, 10.525093446742352, 10.525093446742352, 10.525093446742352, 10.525093446742352, 10.525093446742352, 10.647205227191655]","[11.1354679917158, 11.1354679917158, 11.1354679917158, 11.462907877721214, 11.462907877721214, 11.462907877721214, 11.462907877721214, 11.462907877721214, 11.462907877721214]"
