fold,E-CPV Uncertainty bounds,E-MHA Uncertainty bounds,S-MHA Uncertainty bounds
0,"[9.813386353798892, 9.935490043479298, 9.935490043479298, 9.935490043479298, 9.935490043479298, 13.329950344694959, 13.329950344694959, 13.329950344694959, 14.777394700926088]","[5.364967902626425, 10.223460930236662, 10.223460930236662, 10.223460930236662, 10.223460930236662, 10.223460930236662, 13.116483989445292, 13.116483989445292, 13.116483989445292]","[11.309477218169667, 11.309477218169667, 12.72000673224171, 12.72000673224171, 12.72000673224171, 12.72000673224171, 15.81173495379422, 15.81173495379422, 15.81173495379422]"
1,"[7.201042802161562, 8.919933053224476, 9.349655615990205, 9.349655615990205, 11.466722954372528, 11.466722954372528, 11.466722954372528, 11.466722954372528, 14.216190661265012]","[8.387564100614478, 8.387564100614478, 10.100462561911721, 10.100462561911721, 10.100462561911721, 10.100462561911721, 10.100462561911721, 11.640315379183136, 17.62271977644781]","[8.611977843907292, 9.959802157525093, 9.959802157525093, 9.959802157525093, 11.257816647747857, 11.257816647747857, 11.499221100396028, 13.766948297437413, 18.535277237530995]"
2,"[8.184351599889885, 8.184351599889885, 8.360180931869301, 10.904547481386079, 11.095779337339094, 11.095779337339094, 11.095779337339094, 11.095779337339094, 11.095779337339094]","[9.18101117569375, 9.18101117569375, 9.18101117569375, 9.18101117569375, 9.18101117569375, 9.18101117569375, 9.18101117569375, 9.18101117569375, 9.18101117569375]","[13.554728156566409, 13.554728156566409, 13.554728156566409, 13.688642461504445, 14.787663165868011, 14.787663165868011, 21.505435975604684, 21.505435975604684, 21.505435975604684]"
3,"[6.644640359721093, 8.159869700868887, 8.159869700868887, 8.546238408874235, 8.803817547544456, 8.803817547544456, 8.803817547544456, 8.896185464664336, 9.279355482710859]","[7.5881745828168805, 7.5881745828168805, 7.5881745828168805, 7.5881745828168805, 7.5881745828168805, 8.240722532607268, 9.829699831388625, 9.829699831388625, 11.128295752872877]","[10.758168758187962, 10.758168758187962, 11.415256519624064, 11.415256519624064, 11.415256519624064, 11.415256519624064, 11.415256519624064, 11.415256519624064, 11.415256519624064]"
