fold,E-CPV Uncertainty bounds,E-MHA Uncertainty bounds,S-MHA Uncertainty bounds
0,"[14.856320321131372, 22.976548210780205, 22.976548210780205, 22.976548210780205, 26.515245181717344, 27.40739729012588, 27.40739729012588, 27.40739729012588, 33.03966468474859]","[11.132410761150133, 15.487896410343865, 20.889911234044323, 20.889911234044323, 20.889911234044323, 20.889911234044323, 26.75861786490885, 29.399062088958058, 29.399062088958058]","[41.5001314243522, 41.5001314243522, 41.5001314243522, 41.5001314243522, 41.5001314243522, 49.051814914445195, 49.517838575267795, 50.60522711718715, 56.19361830665906]"
1,"[9.023954968687125, 9.023954968687125, 9.023954968687125, 15.453757007079956, 16.829832723947327, 24.487314476225777, 25.131753847528522, 25.813525071261687, 28.540609966194307]","[8.927180559013772, 8.927180559013772, 8.927180559013772, 8.927180559013772, 11.16845439444593, 21.233034002420897, 26.21150647055451, 33.18250794671758, 40.96048415489237]","[17.747562751379835, 17.747562751379835, 17.747562751379835, 17.747562751379835, 17.747562751379835, 37.5540121119441, 37.69296649644632, 37.69296649644632, 38.50584449317192]"
2,"[8.652338557374039, 10.2076184007075, 12.995765076731425, 16.624226676619514, 16.624226676619514, 21.008376445890267, 22.84050033099454, 24.76470654397489, 36.8332424094137]","[8.440264925882529, 8.440264925882529, 12.583020401503369, 12.583020401503369, 12.583020401503369, 15.372056413859038, 18.605781663761327, 21.277437583408073, 28.184409173621745]","[7.338822942557515, 11.700712512121909, 18.343392530938605, 18.343392530938605, 18.343392530938605, 18.343392530938605, 19.419888431495686, 25.86499134413393, 25.86499134413393]"
3,"[10.824265758898802, 11.327918999272024, 11.327918999272024, 11.327918999272024, 11.327918999272024, 12.07589168132542, 19.55771324253093, 27.943106057341055, 30.62932283527969]","[10.870544615522839, 10.870544615522839, 10.870544615522839, 12.741469100817373, 12.741469100817373, 13.241585561854285, 21.710235168452996, 21.710235168452996, 22.236888551615113]","[10.307512965874366, 10.307512965874366, 11.99992862738485, 11.99992862738485, 21.482299378154302, 32.87438446009698, 32.87438446009698, 32.87438446009698, 32.87438446009698]"
