fold,E-CPV Uncertainty bounds,E-MHA Uncertainty bounds,S-MHA Uncertainty bounds
0,"[17.919514900010654, 18.406295369615723, 18.406295369615723, 18.406295369615723, 18.406295369615723, 18.406295369615723, 22.015545590211577, 22.015545590211577, 26.02829576849479]","[11.538643871310668, 17.921313119930385, 17.921313119930385, 17.921313119930385, 21.828645409222318, 21.828645409222318, 21.828645409222318, 22.673193629682558, 22.673193629682558]","[13.7594636802442, 13.7594636802442, 22.26435734701761, 22.26435734701761, 22.26435734701761, 22.26435734701761, 22.26435734701761, 28.44231291944379, 29.75669157722792]"
1,"[12.664570999719063, 12.664570999719063, 15.065636794540678, 15.065636794540678, 15.065636794540678, 15.065636794540678, 15.065636794540678, 23.19082714714318, 26.47999960921244]","[14.67842681818051, 14.67842681818051, 16.37562842349714, 18.091452988230994, 19.235336031386876, 19.235336031386876, 19.235336031386876, 19.235336031386876, 19.235336031386876]","[18.600172134352082, 18.600172134352082, 22.001130210389423, 22.001130210389423, 22.001130210389423, 22.001130210389423, 22.001130210389423, 23.924786838703692, 31.61941335196144]"
2,"[13.425996534751091, 13.425996534751091, 13.425996534751091, 13.425996534751091, 13.425996534751091, 13.425996534751091, 13.425996534751091, 13.425996534751091, 30.045410325057897]","[11.483250487462417, 11.483250487462417, 11.483250487462417, 11.483250487462417, 11.483250487462417, 11.483250487462417, 11.483250487462417, 11.483250487462417, 25.006463191551273]","[17.92632497623949, 17.92632497623949, 17.92632497623949, 17.92632497623949, 17.92632497623949, 18.993763193532473, 20.186362441764444, 27.077419116908857, 27.077419116908857]"
3,"[8.331260186256307, 8.331260186256307, 13.148122624794983, 13.148122624794983, 13.148122624794983, 13.148122624794983, 13.148122624794983, 25.510081177160753, 25.510081177160753]","[8.761010626404108, 8.761010626404108, 10.748068181693322, 11.599664276817249, 11.599664276817249, 11.599664276817249, 11.599664276817249, 11.599664276817249, 15.962501368263782]","[18.425579294068758, 18.425579294068758, 18.425579294068758, 18.425579294068758, 20.951584767031065, 25.698084681983303, 33.81067918133053, 36.65811287678565, 61.45767092546021]"
