fold,E-CPV Uncertainty bounds,E-MHA Uncertainty bounds,S-MHA Uncertainty bounds
0,"[9.013878188659973, 14.026847205651954, 16.04081145826847, 23.596503084417733]","[9.00724005110186, 10.481994448320258, 10.701702378791905, 28.6220659590768]","[7.8428719843630725, 11.237891069378035, 11.609540357373705, 22.128260760653205]"
1,"[8.938558222934567, 8.938558222934567, 13.823888071192656, 27.737019618505446]","[9.795585198845549, 9.795585198845549, 12.112491400623322, 14.044636136248545]","[11.608214302925678, 11.608214302925678, 12.846968389920615, 19.90491015627208]"
2,"[9.627896323984205, 11.006751540060886, 22.48815028530995, 22.861695024968387]","[8.26750643979955, 8.670895691029234, 10.424265628251863, 22.818115753388295]","[7.825357642567716, 7.825357642567716, 12.744645458940742, 18.58527519266199]"
3,"[9.495401926560042, 9.495401926560042, 12.200852836319417, 24.172582606529296]","[8.53635362329143, 8.53635362329143, 12.026272829307231, 12.026272829307231]","[5.8690531742384575, 7.229435274412617, 7.6859858791715725, 21.452268816190077]"
