fold,E-CPV Uncertainty bounds,E-MHA Uncertainty bounds,S-MHA Uncertainty bounds
0,"[5.2808822942319145, 6.571917771347822, 8.897689901123263, 9.12812704512279]","[6.370882277721659, 6.370882277721659, 8.185694742318756, 8.185694742318756]","[8.53622039261418, 9.53763778310638, 9.53763778310638, 11.773480094950166]"
1,"[7.672008280540554, 7.672008280540554, 8.800151581324048, 18.13605494743962]","[7.642211633182616, 9.58813117795041, 9.58813117795041, 9.58813117795041]","[11.734867291775254, 29.655352560235894, 43.49996888396425, 43.49996888396425]"
2,"[6.833700133510217, 6.833700133510217, 6.833700133510217, 6.833700133510217]","[7.356589346275042, 7.356589346275042, 7.356589346275042, 7.356589346275042]","[9.344665254557313, 9.344665254557313, 9.344665254557313, 13.64625565708448]"
3,"[7.171169089384811, 7.171169089384811, 7.579136195058777, 7.656185792050326]","[7.152334327930648, 7.2193846335885725, 10.434795396422395, 10.434795396422395]","[9.683998094350848, 9.88832736388822, 9.88832736388822, 9.88832736388822]"
