fold,E-CPV Uncertainty bounds,E-MHA Uncertainty bounds,S-MHA Uncertainty bounds
0,"[18.406295369615723, 18.406295369615723, 18.406295369615723, 22.015545590211577]","[17.921313119930385, 17.921313119930385, 21.828645409222318, 22.673193629682558]","[13.7594636802442, 22.26435734701761, 22.26435734701761, 28.44231291944379]"
1,"[12.664570999719063, 15.065636794540678, 15.065636794540678, 23.19082714714318]","[14.67842681818051, 18.091452988230994, 19.235336031386876, 19.235336031386876]","[18.600172134352082, 22.001130210389423, 22.001130210389423, 23.924786838703692]"
2,"[13.425996534751091, 13.425996534751091, 13.425996534751091, 13.425996534751091]","[11.483250487462417, 11.483250487462417, 11.483250487462417, 11.483250487462417]","[17.92632497623949, 17.92632497623949, 18.993763193532473, 27.077419116908857]"
3,"[8.331260186256307, 13.148122624794983, 13.148122624794983, 25.510081177160753]","[8.761010626404108, 11.599664276817249, 11.599664276817249, 11.599664276817249]","[18.425579294068758, 18.425579294068758, 25.698084681983303, 36.65811287678565]"
