fold,E-CPV Uncertainty bounds,E-MHA Uncertainty bounds,S-MHA Uncertainty bounds
0,"[10.566512977818823, 10.856872092614319, 10.856872092614319, 16.803003178987897]","[9.912216740793216, 10.243448355804865, 10.243448355804865, 17.513299036332093]","[9.574838356096961, 9.574838356096961, 12.938912202742502, 15.053389635468926]"
1,"[12.494784309143752, 23.170562043148426, 24.87295953507265, 24.87295953507265]","[10.555733949067024, 17.046068451968193, 17.046068451968193, 18.580904393180063]","[51.022249594617804, 65.68072187952434, 65.68072187952434, 65.68072187952434]"
2,"[10.361383629152906, 10.361383629152906, 10.361383629152906, 10.947758421478087]","[7.258525650090311, 11.61884295592683, 11.61884295592683, 11.61884295592683]","[14.028886680377912, 15.472422939587114, 15.472422939587114, 15.472422939587114]"
3,"[7.764458681963669, 7.764458681963669, 10.124293838200307, 16.393691905255817]","[8.680797745307151, 8.680797745307151, 11.59977257976913, 11.59977257976913]","[9.069822108362033, 12.30536614979037, 12.411249998318137, 23.5467502305363]"
