fold,E-CPV Uncertainty bounds,E-MHA Uncertainty bounds,S-MHA Uncertainty bounds
0,"[8.825882414153527, 8.825882414153527, 8.825882414153527, 13.265738814971945]","[8.15808452388008, 8.71633781183109, 10.342486749274995, 12.23657051111456]","[11.493692329724457, 11.493692329724457, 11.493692329724457, 12.881043997779813]"
1,"[7.291869979751033, 7.866235767883179, 7.866235767883179, 16.491152170555992]","[7.181595411535454, 8.990184036298837, 8.990184036298837, 14.961368242423395]","[11.635630746479308, 11.635630746479308, 15.141848810394587, 15.141848810394587]"
2,"[7.6550200168771125, 7.6550200168771125, 7.6550200168771125, 7.6550200168771125]","[6.032865538547677, 6.0921103551602815, 7.94794233042906, 7.94794233042906]","[11.176491796548014, 11.176491796548014, 11.176491796548014, 11.338242078465841]"
3,"[9.455305758514214, 9.789213178745664, 9.789213178745664, 10.631370542996544]","[8.56901200693021, 9.11893393412759, 10.458662034076037, 12.46825418399868]","[8.76287831281656, 11.406073958295087, 11.406073958295087, 12.022831128903748]"
