fold,E-CPV Uncertainty bounds,E-MHA Uncertainty bounds,S-MHA Uncertainty bounds
0,"[11.939309399586769, 11.939309399586769, 11.939309399586769, 15.659703069372723]","[12.936421976220101, 12.95423216781778, 13.204987010125533, 13.204987010125533]","[12.187594012790925, 13.065559948200299, 13.520254446472512, 18.598102525073173]"
1,"[11.164394809851863, 11.164394809851863, 11.431465102904426, 17.654720213584856]","[10.083640460382572, 11.81305036735088, 11.81305036735088, 14.28018642816847]","[10.238656747575176, 21.188944350229363, 21.188944350229363, 29.977841934392504]"
2,"[10.825745246831426, 12.928154969701978, 12.928154969701978, 12.928154969701978]","[10.844960187886048, 10.844960187886048, 10.844960187886048, 13.338218514826213]","[16.970727596149494, 16.970727596149494, 18.41837978434718, 18.41837978434718]"
3,"[8.837731517687981, 11.843450500368517, 14.553853587080393, 14.553853587080393]","[10.368340031455212, 10.368340031455212, 10.368340031455212, 12.265010863046104]","[12.761459926147495, 13.183387648458718, 13.183387648458718, 13.254884398297511]"
