fold,E-CPV Uncertainty bounds,E-MHA Uncertainty bounds,S-MHA Uncertainty bounds
0,[8.825882414153527],[8.71633781183109],[11.493692329724457]
1,[7.866235767883179],[8.990184036298837],[13.388739778436936]
2,[7.6550200168771125],[7.94794233042906],[11.176491796548014]
3,[9.789213178745664],[9.11893393412759],[11.406073958295087]
