fold,E-CPV Uncertainty bounds,E-MHA Uncertainty bounds,S-MHA Uncertainty bounds
0,[9.935490043479298],[10.223460930236662],[12.72000673224171]
1,[11.466722954372528],[10.100462561911721],[11.257816647747857]
2,[11.095779337339094],[9.18101117569375],[14.787663165868011]
3,[8.803817547544456],[7.5881745828168805],[11.415256519624064]
