fold,E-CPV Uncertainty bounds,E-MHA Uncertainty bounds,S-MHA Uncertainty bounds
0,[21.71913956282424],[17.511295400453662],[12.239365088480893]
1,[9.187915491513877],[9.797106128806952],[14.277948405795366]
2,[11.507786520038142],[11.688233766967318],[16.04752475989537]
3,[15.138547985271876],[12.465769465847393],[16.627800152532696]
