fold,E-CPV Uncertainty bounds,E-MHA Uncertainty bounds,S-MHA Uncertainty bounds
0,[10.32074909848978],[11.13243388619827],[15.96257131301997]
1,[14.640627698937761],[14.188609538329139],[17.502953319364572]
2,[9.427817642473965],[9.380177121408822],[22.718510657424396]
3,[9.463657565036478],[10.560508646861491],[12.829214744205544]
