fold,E-CPV Uncertainty bounds,E-MHA Uncertainty bounds,S-MHA Uncertainty bounds
0,[26.515245181717344],[20.889911234044323],[41.5001314243522]
1,[16.829832723947327],[11.16845439444593],[17.747562751379835]
2,[16.624226676619514],[12.583020401503369],[18.343392530938605]
3,[11.327918999272024],[12.741469100817373],[21.482299378154302]
