fold,E-CPV Uncertainty bounds,E-MHA Uncertainty bounds,S-MHA Uncertainty bounds
0,[16.681001839631744],[15.593136935167431],[18.75941083737992]
1,[21.097858908346804],[13.327671245788073],[55.3622020494864]
2,[18.606296350845373],[14.257251755380082],[22.77934609320205]
3,[12.754522707262097],[10.783791043331613],[27.162502812794713]
