fold,E-CPV Uncertainty bounds,E-MHA Uncertainty bounds,S-MHA Uncertainty bounds
0,[15.745687602903146],[16.62854312698464],[17.487124410981753]
1,[16.734303329138974],[14.51816872833469],[54.738876073661906]
2,[10.439011186702526],[12.199541596540204],[15.269078856504773]
3,[11.427302790525095],[11.286036990918078],[12.467841081818909]
