fold,E-CPV Uncertainty bounds,E-MHA Uncertainty bounds,S-MHA Uncertainty bounds
0,[10.856872092614319],[10.243448355804865],[12.938912202742502]
1,[23.170562043148426],[17.046068451968193],[65.68072187952434]
2,[10.361383629152906],[11.61884295592683],[15.472422939587114]
3,[7.764458681963669],[8.680797745307151],[12.411249998318137]
