fold,E-CPV Uncertainty bounds,E-MHA Uncertainty bounds,S-MHA Uncertainty bounds
0,[12.754962672070963],[13.847930612148616],[24.072044716519294]
1,[13.01038010556477],[14.619103701527921],[34.72187159391978]
2,[12.142917136001541],[12.854768287246777],[18.29881577021656]
3,[12.129626055700001],[10.07225682242701],[16.174556798039482]
