fold,E-CPV Uncertainty bounds,E-MHA Uncertainty bounds,S-MHA Uncertainty bounds
0,[11.939309399586769],[12.95423216781778],[13.520254446472512]
1,[11.164394809851863],[11.81305036735088],[21.188944350229363]
2,[12.928154969701978],[10.844960187886048],[18.41837978434718]
3,[11.843450500368517],[10.368340031455212],[13.183387648458718]
