fold,E-CPV Uncertainty bounds,E-MHA Uncertainty bounds,S-MHA Uncertainty bounds
0,[6.571917771347822],[8.185694742318756],[9.53763778310638]
1,[8.109274666919422],[9.58813117795041],[29.655352560235894]
2,[6.833700133510217],[7.356589346275042],[9.344665254557313]
3,[7.171169089384811],[8.521590420604156],[9.88832736388822]
