fold,E-CPV Uncertainty bounds,E-MHA Uncertainty bounds,S-MHA Uncertainty bounds
0,[13.011314474311924],[9.674847503421644],[10.492777200670234]
1,[10.266289766486167],[11.97549157537763],[18.615830444627413]
2,[9.196558494161346],[9.62064363120599],[10.898375521858929]
3,[9.260143797007325],[9.917979704373652],[10.777680037948862]
