fold,E-CPV Uncertainty bounds,E-MHA Uncertainty bounds,S-MHA Uncertainty bounds
0,[12.465879414337396],[12.960803918058444],[15.326749646863393]
1,[13.215039307546794],[12.33569663677483],[14.604292555783113]
2,[10.101042438146841],[9.954917641859051],[14.707613940683215]
3,[8.035533905932738],[9.573806061725566],[16.048370429279284]
