fold,E-CPV Uncertainty bounds,E-MHA Uncertainty bounds,S-MHA Uncertainty bounds
0,[13.340270510761826],[13.80675759769138],[12.746287938973687]
1,[10.013466368333859],[12.846657157675024],[16.21085962011157]
2,[11.75854734026218],[11.368306934138602],[12.939938274341293]
3,[8.715748704214366],[10.88998368131744],[13.103580619116446]
