fold,E-CPV Uncertainty bounds,E-MHA Uncertainty bounds,S-MHA Uncertainty bounds
0,[19.532334190389413],[17.17539578219292],[33.83231798020234]
1,[18.29302924864141],[10.832275290612136],[32.729696502320856]
2,[19.480549376315416],[13.811453470782906],[24.4565773459992]
3,[13.88802902224691],[13.816492390523566],[28.842958850611264]
