fold,E-CPV Uncertainty bounds,E-MHA Uncertainty bounds,S-MHA Uncertainty bounds
0,[18.406295369615723],[21.828645409222318],[22.26435734701761]
1,[15.065636794540678],[19.235336031386876],[22.001130210389423]
2,[13.425996534751091],[11.483250487462417],[17.92632497623949]
3,[13.148122624794983],[11.599664276817249],[20.951584767031065]
