fold,E-CPV Uncertainty bounds,E-MHA Uncertainty bounds,S-MHA Uncertainty bounds
0,[14.026847205651954],[10.481994448320258],[11.237891069378035]
1,[8.938558222934567],[12.112491400623322],[12.846968389920615]
2,[16.65566711335033],[8.670895691029234],[7.825357642567716]
3,[9.495401926560042],[8.53635362329143],[7.6859858791715725]
