fold,E-CPV Uncertainty bounds,E-MHA Uncertainty bounds,S-MHA Uncertainty bounds
0,[9.685201805547827],[9.464773784631044],[10.254421584278822]
1,[8.36018488000124],[6.7322323327802955],[15.460943008616756]
2,[6.773214145266287],[5.977679464270723],[8.845475604066623]
3,[6.902124284535576],[7.629532888298756],[8.800221125538986]
