fold,S-MHA Uncertainty bounds,E-MHA Uncertainty bounds,E-CPV Uncertainty bounds
0,"[5.343019234025436, 5.343019234025436, 5.343019234025436, 6.117038066139075]","[4.078097208506743, 4.451652850913781, 4.451652850913781, 5.147283805888515]","[5.04543444398908, 5.04543444398908, 5.04543444398908, 5.04543444398908]"
1,"[5.233839188649771, 5.233839188649771, 6.699179763132145, 7.589627890846284]","[3.1846212589656955, 3.1846212589656955, 3.1846212589656955, 5.993658842647522]","[4.487245549416203, 4.487245549416203, 4.487245549416203, 5.710464893665731]"
2,"[4.616774158503932, 4.616774158503932, 4.616774158503932, 4.616774158503932]","[3.2555719733611896, 3.2555719733611896, 3.2555719733611896, 4.474285069235206]","[4.03546915134907, 4.03546915134907, 4.955198311378383, 4.955198311378383]"
3,"[3.718524694529606, 3.718524694529606, 3.718524694529606, 4.503766760371554]","[2.9703904585460656, 3.1490568428092565, 3.997677811604607, 3.997677811604607]","[3.287271601302694, 3.391460400788964, 3.391460400788964, 4.018607134168268]"
4,"[2.6762649596176527, 2.6762649596176527, 3.407057154945331, 4.408423343030508]","[1.4338817304313953, 2.4346955095279235, 3.242885633693883, 3.4757663751819257]","[3.1949774150355204, 3.3068521474437937, 3.3068521474437937, 3.3068521474437937]"
5,"[2.735102147226852, 3.4723753079256965, 3.8514197853246306, 3.914466071554951]","[2.2927275605831907, 2.2927275605831907, 4.050375340886002, 4.050375340886002]","[3.065673000374489, 3.065673000374489, 3.2669464644371424, 3.2669464644371424]"
6,"[2.3940444171367203, 2.3940444171367203, 3.5340371722996937, 3.5340371722996937]","[2.2641087543436815, 2.2641087543436815, 2.294810684046532, 2.815290869719671]","[2.599742289946518, 2.599742289946518, 2.6454792569064534, 3.8259102881528024]"
7,"[2.8455448971405537, 2.8455448971405537, 3.0252133020713594, 3.8682343654843026]","[2.8920539045670695, 2.8920539045670695, 3.736324945676101, 3.736324945676101]","[2.5430219528914195, 3.0035855466818067, 3.0035855466818067, 4.3870264321972305]"
